kingdom,year,n
Plantae,2006,352113
Plantae,2002,130000
Plantae,1998,145303
Plantae,1926,63080
Plantae,1991,121238
Plantae,1891,49887
Plantae,2001,140130
Plantae,2019,1614305
Bacteria,2014,843744
incertae sedis,2014,28615
Chromista,2014,62570
Plantae,2020,2341262
Plantae,2016,552192
Plantae,2017,600707
Plantae,2018,938718
Plantae,2015,775231
Animalia,2018,70031742
Animalia,2021,111240890
Plantae,2021,2392233
Animalia,2014,38290728
Animalia,2008,10512187
Animalia,2017,58297178
Animalia,2019,78449038
Plantae,2009,174845
Fungi,2021,189517
Animalia,2022,3095591
Fungi,2022,119166
Animalia,2012,25754515
Plantae,2022,2007287
Animalia,2010,15361788
Animalia,2006,7602942
Plantae,2012,143123
Plantae,2013,218623
Animalia,2007,8892185
Animalia,2015,43546977
Chromista,2012,54399
Animalia,2016,50784104
Plantae,2014,209240
Animalia,2011,18762681
Animalia,1998,2863151
Fungi,2016,69923
Animalia,2001,3843171
Fungi,2019,132397
Animalia,2020,101482838
Protozoa,2021,4274
Plantae,2011,184850
Animalia,2013,31088378
Fungi,2017,87317
Fungi,2013,57466
Fungi,2018,113462
Animalia,2009,12873892
Fungi,2020,160650
Animalia,2004,5307569
Plantae,2008,182075
Protozoa,2017,1564
Chromista,2019,29653
Protozoa,2019,3201
Fungi,2001,18508
Animalia,1995,2270258
Plantae,2010,239049
Animalia,2003,4730976
Fungi,2008,47615
Fungi,2012,50606
Animalia,1985,1053673
Chromista,2021,14328
Fungi,2014,60313
Plantae,2007,172874
Fungi,2011,48210
Animalia,1987,1126410
Protozoa,2022,3631
Fungi,2015,60376
Chromista,2022,5917
Chromista,1997,5799
Chromista,2018,32377
Plantae,2004,153542
Plantae,2005,561917
Animalia,1990,1300190
Animalia,1982,1095332
Protozoa,2018,2429
Plantae,2003,162970
Animalia,1981,1044768
Protozoa,2020,3107
Plantae,1996,115806
Chromista,2015,71181
Bacteria,2015,718186
Chromista,2017,27471
Animalia,2005,5742878
Fungi,2004,21439
Chromista,2020,16884
Bacteria,2019,32960
Viruses,2022,967
Plantae,1983,136633
Animalia,2002,4212460
Plantae,1994,136159
Animalia,1979,1000960
Animalia,1994,2007095
Animalia,1997,2535486
Protozoa,2016,2885
Fungi,2009,53702
Plantae,1977,142525
Plantae,1985,113244
Animalia,1991,1476580
Fungi,2006,18170
Bacteria,2020,16650
Chromista,2016,38661
Animalia,1970,811191
Animalia,1999,3424097
Animalia,2000,3891910
Animalia,1996,2319675
Animalia,1986,1062117
Animalia,1993,1782727
Viruses,2019,6919
Protozoa,2014,6150
Fungi,2010,78096
Plantae,1999,120667
Plantae,NA,2859011
Plantae,1988,120269
Plantae,1964,119502
Plantae,1938,149238
Plantae,1982,142641
Plantae,2000,141707
Plantae,1975,156131
Plantae,1970,136322
Plantae,1980,169030
Plantae,1951,99798
Plantae,1986,124179
Plantae,1990,115517
Plantae,1984,120707
Plantae,1948,100349
Plantae,1972,129779
Plantae,1978,164205
Plantae,1976,139529
Plantae,1971,124265
Plantae,1992,144143
Plantae,1937,148106
Plantae,1936,129577
Plantae,1979,190583
Plantae,1993,145195
Plantae,1973,163457
Plantae,1997,132553
incertae sedis,1980,3070
incertae sedis,1982,3509
Plantae,1969,152315
Plantae,1995,608988
Plantae,1966,177177
Plantae,1965,149499
incertae sedis,1986,3445
Plantae,1974,137021
Plantae,1987,115305
incertae sedis,1961,3492
Plantae,1961,113139
Plantae,1968,158027
incertae sedis,1972,5365
Plantae,1962,124533
Plantae,1933,108120
Plantae,1939,132685
Plantae,1981,150484
Plantae,1952,106686
Plantae,1934,116512
Plantae,1953,95854
incertae sedis,1995,13800
incertae sedis,2007,18511
Plantae,1967,178959
Plantae,1989,103656
Plantae,1963,122249
Plantae,1940,142778
incertae sedis,1973,4119
Plantae,1950,108944
incertae sedis,2002,10826
incertae sedis,1994,15740
incertae sedis,1966,3218
incertae sedis,NA,279388
incertae sedis,1967,3352
incertae sedis,2003,17494
Plantae,1875,13822
Plantae,1935,142310
Plantae,1925,54811
Plantae,1932,112406
Plantae,1959,100303
incertae sedis,2000,17765
incertae sedis,1933,1122
Plantae,1954,86485
Plantae,1957,111614
Plantae,1849,5379
incertae sedis,2006,15402
Plantae,1955,98847
incertae sedis,1984,2367
Plantae,1924,51047
incertae sedis,1936,3797
Plantae,1956,109512
Plantae,1931,112179
Plantae,1928,73925
incertae sedis,1997,9378
incertae sedis,1932,1659
Plantae,1930,88174
Chromista,NA,231441
Chromista,1999,17297
Chromista,1926,577
Chromista,1998,7494
Chromista,2004,49981
incertae sedis,2021,1510
incertae sedis,2020,4082
Plantae,1923,51935
incertae sedis,1949,1466
Plantae,1949,124590
incertae sedis,1992,8600
Plantae,1927,79136
Animalia,NA,6128857
Animalia,1962,503014
Animalia,1943,58162
Animalia,1960,438996
Animalia,1953,171253
Animalia,1963,558761
Animalia,1956,179763
Animalia,1964,685379
Animalia,1968,835284
Animalia,1889,42666
Animalia,1891,43586
Animalia,1923,73660
Animalia,1961,471105
Animalia,1980,1014845
Animalia,1942,104987
Animalia,1967,860775
Animalia,1945,70646
Animalia,1912,67904
Animalia,1957,197602
Animalia,1895,49550
Animalia,1938,173683
Animalia,1951,172056
Animalia,1965,710925
Animalia,1892,39623
Animalia,1989,1229837
Animalia,1988,1188764
Animalia,1974,756483
Animalia,1983,1081138
Animalia,1975,733509
Animalia,1952,182199
Animalia,1969,785900
Animalia,1935,128766
Animalia,1984,1092720
Animalia,1973,716334
Animalia,1992,1612338
Animalia,1959,222154
Animalia,1976,873111
Animalia,1972,780238
Animalia,1977,919457
Animalia,1978,932711
Animalia,1941,159919
Animalia,1971,774193
Animalia,1928,106498
Animalia,1937,161057
Animalia,1934,142255
Animalia,1950,174543
Animalia,1929,117942
Animalia,1949,170715
Animalia,1948,137776
Animalia,1944,64668
Animalia,1946,113827
Animalia,1958,202835
Animalia,1939,175849
Animalia,1947,126317
Animalia,1910,74676
Animalia,1954,172120
Animalia,1940,170104
Animalia,1966,840591
Animalia,1921,82998
Animalia,1936,145744
Animalia,1930,134023
Animalia,1920,78936
Animalia,1931,148278
Animalia,1955,165682
Animalia,1925,80264
Animalia,1890,45063
Animalia,1933,122614
Animalia,1922,80022
Animalia,1932,147683
Animalia,1887,31239
Animalia,1926,85326
Animalia,1896,50135
Animalia,1918,61152
Animalia,1915,85978
Animalia,1927,105761
Animalia,1865,1363
Animalia,1868,2507
Animalia,1909,70074
Animalia,1901,41949
Animalia,1904,53943
Animalia,1911,75825
Animalia,1882,13742
Animalia,1898,37459
Animalia,1917,88480
Animalia,1908,62146
Animalia,1885,39470
Animalia,1900,67866
Animalia,1906,54905
Animalia,1919,82425
Chromista,2013,28988
Viruses,2021,4075
Protozoa,2013,1718
Fungi,2007,48599
Protozoa,2015,6534
Bacteria,2022,1156
Fungi,1982,12274
Fungi,2003,20177
Protozoa,2012,3173
Bacteria,2018,42907
Bacteria,2021,4589
Viruses,2016,16941
Fungi,2002,11865
Animalia,1857,915
Animalia,1913,73651
Animalia,1845,365
Animalia,1905,67683
Animalia,1903,53016
Animalia,1902,51026
Animalia,1877,10662
Animalia,1883,16464
Animalia,1873,10228
Animalia,1914,85336
Animalia,1894,53381
Animalia,1880,19459
Animalia,1907,65723
Animalia,1897,47207
Animalia,1916,93220
Animalia,1871,6427
incertae sedis,1929,768
Animalia,1899,40844
Animalia,1888,33864
Animalia,1924,77483
Animalia,1893,42276
incertae sedis,1991,11617
Animalia,1884,28485
incertae sedis,1976,5897
incertae sedis,1926,804
incertae sedis,1918,278
incertae sedis,1917,724
incertae sedis,1927,760
Animalia,1881,15057
incertae sedis,1940,2020
incertae sedis,1981,3807
Animalia,1876,8127
Animalia,1875,8817
Animalia,1844,230
Animalia,1878,13057
Plantae,1907,56501
Plantae,1906,56790
Plantae,1852,3614
Plantae,1846,3481
Plantae,1898,77044
Plantae,1900,69508
Plantae,1890,35175
Plantae,1913,68030
Plantae,1929,78114
Plantae,1909,66790
Plantae,1893,59881
Fungi,1975,15296
Plantae,1841,1615
Plantae,1916,79456
Plantae,1897,90496
Plantae,1912,56191
Plantae,1904,59176
Plantae,1911,58305
Plantae,1915,72851
Plantae,1883,22185
Plantae,1851,6692
Plantae,1895,74760
Plantae,1881,25395
Plantae,1885,23616
Plantae,1899,68995
Plantae,1901,77896
Plantae,1902,88031
Plantae,1866,9253
Plantae,1879,23762
Plantae,1839,1689
Plantae,1943,49554
Plantae,1942,75575
Plantae,1958,119288
Plantae,1919,63036
Plantae,1896,75163
Plantae,1892,68318
Plantae,1941,129613
Plantae,1921,51116
Plantae,1850,4831
Plantae,1884,29948
Plantae,1877,20355
Plantae,1903,84922
Plantae,1918,41544
Plantae,1880,26510
Plantae,1908,65128
Plantae,1922,50357
Plantae,1882,30602
Plantae,1868,10493
Plantae,1888,24565
Plantae,1859,2633
Plantae,1858,4292
Plantae,1894,73165
Plantae,1876,13261
Plantae,1920,59355
Plantae,1960,111763
Plantae,1910,65268
Plantae,1946,99309
Plantae,1905,58619
Plantae,1889,30559
Plantae,1947,104860
Plantae,1914,59871
Plantae,1832,1494
Plantae,1844,1877
Plantae,1855,2051
Plantae,1886,22166
Plantae,1944,67247
Plantae,1887,22238
Plantae,1834,1280
Plantae,1872,11912
Plantae,1812,193
Plantae,1945,80427
Plantae,1842,3425
Plantae,1860,4459
Plantae,1917,57278
Plantae,1865,7779
Plantae,1878,24524
Plantae,1840,2377
Plantae,1874,13911
Plantae,1862,7102
Plantae,1847,4515
Plantae,1835,1549
Plantae,1873,14604
Plantae,1867,7097
Plantae,1845,3242
Plantae,1836,900
Plantae,1838,2366
Plantae,1871,9956
Plantae,1869,7374
Plantae,1837,1498
Plantae,1864,5236
Plantae,1848,1856
Plantae,1853,3425
Plantae,1833,1441
Fungi,1968,17229
Plantae,1829,962
Plantae,1863,4634
Plantae,1854,1798
Plantae,1831,596
Plantae,1792,68
Plantae,1861,5555
Plantae,1819,211
Plantae,1826,334
Plantae,1857,2164
Plantae,1827,372
Fungi,1980,13595
Plantae,1856,1468
Fungi,1960,19466
Plantae,1843,2935
Plantae,1830,481
Plantae,1828,1088
Plantae,1870,5647
Plantae,1806,70
Plantae,1809,94
incertae sedis,1903,726
Animalia,1886,30778
Animalia,1879,13719
Animalia,1872,5871
incertae sedis,1930,2588
incertae sedis,1979,2545
incertae sedis,1924,771
Fungi,1994,17182
Viruses,2020,6401
Protozoa,2005,4149
Bacteria,2013,610691
Archaea,2014,18988
Archaea,2013,7120
incertae sedis,2013,34644
Fungi,1971,14564
Fungi,NA,344101
Fungi,2000,15356
Fungi,1987,10234
Fungi,1991,14975
Fungi,1984,13368
incertae sedis,2009,12717
Chromista,2010,272614
Bacteria,2009,23236
Fungi,2005,19145
Viruses,2018,10636
Viruses,2017,14494
Fungi,1995,12394
Bacteria,2017,59581
Protozoa,2011,11591
Fungi,1954,14074
Fungi,1955,12280
Fungi,1976,20966
Fungi,1957,20536
Fungi,1933,9857
Fungi,1959,12158
Fungi,1956,18165
Fungi,1961,17511
Fungi,1973,18340
Fungi,1897,9859
Fungi,1962,17840
Fungi,1969,17760
Fungi,1963,13605
Fungi,1965,15200
Fungi,1967,22202
Fungi,1879,2071
Fungi,1952,10472
Fungi,1977,20879
Fungi,1899,8179
Fungi,1950,12798
Fungi,1958,19589
Fungi,1895,8396
Fungi,1979,20528
Fungi,1990,12319
Fungi,1972,22386
Fungi,1891,5356
Fungi,1949,14409
Fungi,1889,7310
Fungi,1997,11260
Fungi,1998,19914
Fungi,1928,5590
Fungi,1993,16064
Fungi,1986,14636
Fungi,1924,8218
Fungi,1974,17364
Fungi,1970,17520
Fungi,1894,11053
incertae sedis,1965,2478
Fungi,1978,21724
Fungi,1920,8346
Fungi,1880,2572
Fungi,1898,8225
Fungi,1909,11822
incertae sedis,1959,1369
Fungi,1922,9957
Fungi,1996,12726
Fungi,1948,14937
Fungi,1923,7722
Fungi,1892,9466
Fungi,1946,8402
Fungi,1964,14359
Fungi,1937,13627
Fungi,1953,13144
Fungi,1999,11970
Fungi,1893,12168
Fungi,1936,12538
Fungi,1983,19779
Fungi,1992,17840
Fungi,1906,9845
Fungi,1901,10020
Fungi,1925,8275
incertae sedis,1962,4383
Fungi,1988,13649
Fungi,1951,8720
incertae sedis,1889,359
Fungi,1927,6692
Fungi,1941,12050
Fungi,1910,9982
Fungi,1966,16118
Fungi,1942,10232
Fungi,1934,13939
incertae sedis,1960,1033
Fungi,1932,8603
Fungi,1896,9321
Fungi,1884,4600
Fungi,1944,5585
Fungi,1919,8763
Fungi,1931,7508
Fungi,1939,14743
Fungi,1866,157
incertae sedis,1952,1537
Fungi,1911,12252
incertae sedis,1957,3754
Fungi,1887,4642
incertae sedis,1971,5046
Fungi,1839,62
incertae sedis,1958,2049
Fungi,1912,8045
Fungi,1915,10252
Fungi,1914,9417
Fungi,1981,12012
Fungi,1917,7611
Fungi,1881,2391
Fungi,1856,303
Fungi,1877,799
Fungi,1857,168
Fungi,1848,385
Fungi,1985,10778
Fungi,1935,14507
incertae sedis,1880,112
Fungi,1929,5645
Fungi,1882,3937
Fungi,1908,9065
Fungi,1913,8698
Fungi,1886,4878
Fungi,1947,12870
incertae sedis,1954,781
Fungi,1890,5278
incertae sedis,1974,4472
incertae sedis,1895,694
Fungi,1926,5615
Fungi,1989,15706
Fungi,1930,6433
Fungi,1902,9517
Fungi,1871,172
Fungi,1940,11841
Fungi,1945,6847
Fungi,1905,7170
Chromista,1967,2430
Fungi,1878,1377
incertae sedis,1969,2995
incertae sedis,1968,4140
Fungi,1938,14931
incertae sedis,1885,256
incertae sedis,1956,1651
incertae sedis,1996,14503
Fungi,1900,7102
Fungi,1903,9226
Fungi,1883,4668
Fungi,1943,4885
incertae sedis,1893,365
Fungi,1921,9080
Fungi,1907,7784
Fungi,1918,5281
Fungi,1885,3985
Fungi,1916,9057
Fungi,1876,861
Fungi,1904,7390
incertae sedis,1931,1172
Fungi,1888,5893
Chromista,1904,332
Chromista,1907,392
incertae sedis,1988,5005
Chromista,1893,421
Chromista,1902,419
Chromista,1903,344
incertae sedis,1911,941
incertae sedis,1923,678
incertae sedis,1908,778
Chromista,1916,487
incertae sedis,1902,464
Fungi,1875,622
incertae sedis,1920,998
Fungi,1874,635
Bacteria,2011,321593
Chromista,2011,133499
Bacteria,2012,114598
incertae sedis,2012,14452
incertae sedis,2011,22462
Archaea,2012,3124
Archaea,2011,4661
Animalia,1864,1444
Animalia,1869,2956
Animalia,1833,41
Animalia,1874,11653
Chromista,1994,5352
Chromista,2006,57210
Chromista,1996,8302
Chromista,2000,25373
Animalia,1834,106
Chromista,2007,64368
Chromista,2005,48925
Animalia,1862,2152
Animalia,1867,1452
Animalia,1860,9621
incertae sedis,1999,18384
incertae sedis,1978,5798
incertae sedis,2015,26745
incertae sedis,2001,9599
incertae sedis,2008,20079
incertae sedis,1990,3738
incertae sedis,2016,27302
incertae sedis,1970,3636
incertae sedis,2017,19032
incertae sedis,1963,2594
incertae sedis,1985,3612
incertae sedis,1987,3405
incertae sedis,2019,7967
incertae sedis,2018,16905
incertae sedis,1989,4875
incertae sedis,1977,4376
incertae sedis,1998,10419
incertae sedis,1938,3067
incertae sedis,2004,13520
incertae sedis,1951,8741
incertae sedis,1953,803
incertae sedis,1948,1047
incertae sedis,1975,4512
incertae sedis,1993,14753
incertae sedis,1937,2492
incertae sedis,1964,4250
incertae sedis,1947,1600
incertae sedis,2005,12220
Animalia,1831,53
incertae sedis,1983,3673
incertae sedis,2010,50713
incertae sedis,1922,1085
incertae sedis,1925,560
incertae sedis,1941,1975
Animalia,1692,1
incertae sedis,1919,533
incertae sedis,1955,1005
Animalia,1849,125
incertae sedis,1939,2246
Animalia,1854,1375
incertae sedis,1934,1374
incertae sedis,1950,1135
Animalia,1832,49
incertae sedis,1944,993
Animalia,1851,583
Animalia,1866,819
incertae sedis,1882,106
Bacteria,1898,485
Chromista,1964,1833
Chromista,1946,679
Chromista,1895,798
Chromista,1961,1939
Chromista,1899,793
Chromista,1939,907
Chromista,1927,766
Chromista,1962,1539
Chromista,1965,3276
Chromista,1908,605
Chromista,1971,1988
Bacteria,1948,2030
Chromista,1896,740
Chromista,1969,1765
Bacteria,1933,472
Plantae,1824,318
Chromista,1898,682
Bacteria,1932,255
Chromista,1960,3503
Chromista,1906,381
Chromista,1917,566
Chromista,1894,447
Chromista,1949,1328
Chromista,1932,431
Chromista,1966,4541
Chromista,1970,1263
Chromista,1892,695
Chromista,1955,3824
Chromista,1977,3508
Chromista,1963,1702
Chromista,1897,444
Chromista,1968,1646
Chromista,1925,1269
Bacteria,1942,1006
Bacteria,1903,285
Animalia,1830,1041
Animalia,1855,627
Animalia,1861,1001
Animalia,1843,230
Fungi,1835,27
incertae sedis,1879,153
Fungi,1868,241
incertae sedis,1892,392
Bacteria,NA,708291
Bacteria,1882,13
Bacteria,1892,627
Fungi,1865,143
incertae sedis,1942,814
incertae sedis,1900,1894
incertae sedis,1935,2396
incertae sedis,1945,880
Archaea,2015,8491
Bacteria,1940,1323
Protozoa,NA,66375
Bacteria,1944,876
Chromista,1981,2305
Bacteria,1941,1991
Bacteria,1950,818
Chromista,1976,3504
Animalia,1632,1
Chromista,1923,1946
Bacteria,1946,834
Bacteria,1894,487
Bacteria,1930,255
Bacteria,1925,53
Chromista,1947,485
Bacteria,1938,942
Bacteria,1943,1040
incertae sedis,1912,665
Chromista,1889,557
Bacteria,1939,1103
Chromista,1978,2190
Chromista,1934,791
Bacteria,1931,423
Chromista,1922,771
Chromista,1883,454
Bacteria,1937,385
Chromista,1888,339
Chromista,1918,636
Bacteria,1949,2848
Bacteria,1934,457
Chromista,1909,351
Chromista,1935,4644
Animalia,1669,1
Bacteria,1955,800
Chromista,1913,423
Protozoa,2003,4783
Bacteria,1957,393
Animalia,1853,1330
Bacteria,1968,102
Bacteria,1954,572
Bacteria,1936,467
Animalia,1858,1145
Chromista,1982,1555
Chromista,1973,1110
Chromista,1979,2470
Chromista,1974,3415
Animalia,1859,2321
Chromista,1972,2960
Bacteria,1966,430
Bacteria,1876,6
incertae sedis,1913,1141
Chromista,1921,800
Bacteria,1952,607
Chromista,1989,1914
Chromista,1905,506
Bacteria,1897,269
Bacteria,1947,779
Chromista,1936,1112
Chromista,1937,530
Bacteria,1963,112
Bacteria,1906,621
Bacteria,1951,564
Bacteria,1890,253
Animalia,1870,3761
Chromista,1991,2771
Bacteria,1928,55
Chromista,1928,578
Plantae,1816,286
Chromista,1919,1050
Bacteria,1914,29
Chromista,1992,4307
Chromista,1953,530
Chromista,1920,574
Chromista,1944,251
Bacteria,1915,66
Bacteria,1958,377
Chromista,1954,1508
Plantae,1815,76
Chromista,1984,1110
Chromista,1980,2198
Chromista,1948,822
Bacteria,1969,104
Chromista,1941,666
Chromista,1938,35746
Protozoa,2006,14289
Protozoa,2007,10716
Animalia,1802,85
Bacteria,2016,1002570
Bacteria,2010,1106345
Protozoa,2010,41081
Archaea,2010,10988
Plantae,1821,83
Plantae,1811,53
Plantae,1818,147
Plantae,1800,4432
incertae sedis,1946,1377
Chromista,1886,222
Chromista,1956,3458
Chromista,1900,1824
Chromista,1975,2150
Chromista,1950,2001
Chromista,1931,641
Chromista,1910,480
Chromista,1914,344
Chromista,1891,497
Chromista,1884,382
Chromista,1890,450
Chromista,1933,217
Plantae,1817,153
Bacteria,1899,185
Chromista,1959,2897
Fungi,1836,9
Bacteria,1920,33
Viruses,2014,11370
Protozoa,2004,11878
Bacteria,1974,191
Bacteria,2004,16551
Bacteria,2007,162886
Bacteria,2001,2209
Bacteria,2006,57505
Bacteria,1985,290
Bacteria,2003,16530
Bacteria,2008,101500
Bacteria,2005,19056
Bacteria,2002,4687
Bacteria,1994,296
Bacteria,1982,324
Bacteria,2000,1904
Bacteria,1983,225
Bacteria,1960,204
Chromista,1995,10516
Viruses,2011,11838
Bacteria,1988,320
Bacteria,1972,155
Viruses,2001,2438
Viruses,2002,3857
Viruses,2004,3672
Viruses,1999,1765
Viruses,2005,6496
Viruses,1996,653
Viruses,2003,3671
Viruses,1998,1590
Viruses,2000,2225
Viruses,1997,789
Viruses,2008,11600
Viruses,2007,9360
Viruses,2006,9083
Chromista,2008,62774
Protozoa,2009,1540
Viruses,1974,233
Viruses,1971,79
Viruses,2013,12134
Chromista,2009,62973
Viruses,2012,13545
Viruses,2015,19212
Bacteria,1999,1146
Archaea,2016,17411
Bacteria,1964,107
Bacteria,1998,1182
Bacteria,1990,316
Bacteria,1991,207
Bacteria,1996,789
Viruses,1995,634
Viruses,1984,556
Viruses,1977,451
Chromista,2001,25609
Protozoa,1992,418
Bacteria,1973,260
Bacteria,1965,148
Bacteria,1981,180
Bacteria,1989,136
Bacteria,1987,271
Bacteria,1980,178
Viruses,1993,374
Viruses,1983,553
Bacteria,1992,252
Viruses,2010,13079
Bacteria,1971,144
Bacteria,1997,1238
Bacteria,1979,162
Bacteria,1995,472
Bacteria,1984,157
Bacteria,1986,261
Viruses,1978,513
Viruses,1990,355
Bacteria,1975,229
Animalia,1800,44298
Protozoa,1974,653
Protozoa,1970,354
Protozoa,1952,104
Protozoa,1954,126
Protozoa,1969,746
Protozoa,1975,616
Protozoa,1991,944
Protozoa,1982,2358
Protozoa,1938,741
Protozoa,1940,662
Protozoa,1930,438
Protozoa,1941,263
Protozoa,1937,811
Protozoa,1936,782
Protozoa,1926,327
Protozoa,1935,836
Protozoa,1939,660
Protozoa,1929,280
Protozoa,1928,625
Protozoa,1895,162
Protozoa,1931,619
Protozoa,1898,160
Protozoa,1894,179
Protozoa,1893,223
Protozoa,1916,129
Protozoa,1896,592
Protozoa,1933,509
Protozoa,1897,638
Protozoa,1924,330
Protozoa,1927,385
Protozoa,1912,243
Protozoa,1934,758
Protozoa,1914,176
Chromista,1882,469
Protozoa,1956,174
Animalia,1697,2
Animalia,1698,3
Animalia,1837,269
Animalia,1848,146
Protozoa,1919,95
Protozoa,1979,827
Protozoa,1917,216
Chromista,1945,328
Chromista,1929,522
Plantae,1814,92
Chromista,1951,5810
Chromista,1871,61
Bacteria,1901,549
Protozoa,1980,1198
Chromista,1940,570
Bacteria,1993,522
Bacteria,1905,414
Bacteria,1869,31
Bacteria,1895,497
Animalia,1840,516
incertae sedis,1896,500
Chromista,1862,26
incertae sedis,1909,857
Bacteria,1879,46
Animalia,1863,1310
Chromista,1864,39
Bacteria,1889,108
Bacteria,1907,108
Plantae,1802,46
Chromista,1915,436
Bacteria,1896,561
Chromista,1837,4
Protozoa,1976,933
Fungi,1843,91
Fungi,1853,274
Chromista,1875,160
Protozoa,1966,793
Protozoa,1984,1307
Protozoa,1921,110
Protozoa,2001,972
Animalia,1856,992
Chromista,1988,1579
Animalia,1838,226
Chromista,2002,33197
Chromista,2003,44058
Chromista,1993,4917
incertae sedis,1910,830
Fungi,1858,155
Bacteria,1900,472
Bacteria,1953,588
Bacteria,1924,66
Bacteria,1908,228
Bacteria,1945,346
Chromista,1986,914
Bacteria,1956,464
Chromista,1872,113
Chromista,1983,1126
Fungi,1870,202
Chromista,1924,503
Animalia,1842,206
Chromista,1957,4607
Bacteria,1935,136
Chromista,1912,379
Protozoa,1925,319
Bacteria,1918,109
Chromista,1930,520
Bacteria,1961,163
Plantae,1823,187
Bacteria,1916,168
Plantae,1825,307
Bacteria,1848,1
Bacteria,1891,247
Protozoa,1971,591
Protozoa,1967,1509
Protozoa,1946,258
Protozoa,1888,245
Protozoa,1964,410
Protozoa,1965,871
Protozoa,1973,413
Protozoa,1978,637
Protozoa,1977,818
Protozoa,1891,184
Protozoa,1981,1458
Protozoa,1987,414
Chromista,1881,132
Fungi,1855,366
Bacteria,1893,281
Protozoa,1951,221
Protozoa,1972,1044
Protozoa,1985,1022
Protozoa,1988,909
Chromista,1876,85
Bacteria,1959,219
Chromista,1990,1454
Chromista,1985,997
Bacteria,1909,128
Chromista,1874,252
Animalia,1846,161
Bacteria,1977,97
Bacteria,1902,406
Bacteria,1886,14
Animalia,1835,149
Bacteria,1841,3
Animalia,1841,1677
incertae sedis,1860,39
incertae sedis,1914,691
Bacteria,1921,15
Bacteria,1962,110
Animalia,1850,2998
Bacteria,1967,65
Chromista,1952,502
Protozoa,1915,113
Plantae,1807,38
Bacteria,1887,27
Protozoa,1949,321
Chromista,1987,2491
Bacteria,1910,76
Plantae,1601,9
Animalia,1824,30
Protozoa,1957,159
Protozoa,1920,274
Plantae,1724,5
Plantae,1782,6
Plantae,1810,88
Plantae,1820,207
Animalia,1852,404
Fungi,1872,122
Fungi,1864,313
Fungi,1851,331
Fungi,1850,167
Fungi,1849,489
Plantae,1779,38
Plantae,1789,3
Plantae,1785,6
Plantae,1787,23
Chromista,1856,66
incertae sedis,1921,1054
Bacteria,1911,79
Plantae,1803,69
Bacteria,1883,58
Chromista,1865,23
Bacteria,1881,38
Chromista,1901,564
Bacteria,1884,67
Plantae,1788,14
incertae sedis,1897,445
Bacteria,1878,40
Plantae,1781,12
Chromista,1860,21
Bacteria,1872,13
Animalia,1839,179
Animalia,1847,682
Protozoa,2000,27259
Protozoa,1899,223
Protozoa,1906,220
Protozoa,1968,1139
Protozoa,1990,541
Protozoa,1962,563
Protozoa,2008,943
Protozoa,1947,207
incertae sedis,2022,613
Protozoa,1999,5330
Protozoa,1995,320
Protozoa,1986,807
Protozoa,1993,252
Protozoa,1983,1149
Protozoa,1998,4674
Protozoa,1994,231
Protozoa,1890,263
Protozoa,1911,162
Protozoa,1909,86
Protozoa,1961,526
Protozoa,1996,234
Protozoa,1989,557
Plantae,1822,784
Plantae,1797,53
Protozoa,1887,143
incertae sedis,1906,589
Fungi,1867,195
Protozoa,1875,40
Fungi,1863,321
incertae sedis,1854,42
incertae sedis,1899,400
Bacteria,1919,58
incertae sedis,1901,596
Protozoa,1932,568
Fungi,1852,328
Protozoa,1886,82
Fungi,1838,78
incertae sedis,1907,614
Fungi,1854,148
Fungi,1861,87
Fungi,1847,112
Fungi,1837,28
Protozoa,1892,185
Protozoa,1881,29
Protozoa,1900,525
incertae sedis,1881,214
incertae sedis,1898,387
incertae sedis,1915,746
incertae sedis,1876,201
incertae sedis,1874,119
incertae sedis,1916,516
incertae sedis,1875,183
incertae sedis,1873,110
incertae sedis,1891,323
incertae sedis,1890,264
incertae sedis,1878,125
incertae sedis,1883,143
incertae sedis,1894,405
incertae sedis,1928,1135
incertae sedis,1886,177
incertae sedis,1904,520
incertae sedis,1943,574
incertae sedis,1850,101
incertae sedis,1872,87
incertae sedis,1846,11
incertae sedis,1884,201
incertae sedis,1861,21
incertae sedis,1852,41
incertae sedis,1870,18
incertae sedis,1847,12
incertae sedis,1871,57
incertae sedis,1859,49
incertae sedis,1851,37
incertae sedis,1868,30
incertae sedis,1857,12
incertae sedis,1853,90
incertae sedis,1830,7
incertae sedis,1817,3
incertae sedis,1869,73
incertae sedis,1877,108
incertae sedis,1832,2
incertae sedis,1831,3
incertae sedis,1858,25
incertae sedis,1841,18
incertae sedis,1828,1
incertae sedis,1842,24
incertae sedis,1887,156
incertae sedis,1848,13
incertae sedis,1849,23
incertae sedis,1837,5
incertae sedis,1826,1
incertae sedis,1824,2
incertae sedis,1905,672
Animalia,1700,326
Animalia,1814,11
Animalia,1810,15
Animalia,1828,75
Animalia,1817,105
Animalia,1836,115
Animalia,1811,3
Animalia,1807,43
Chromista,1885,228
Animalia,1820,296
Animalia,1825,23
Animalia,1829,70
Animalia,1822,45
incertae sedis,1864,70
Animalia,1794,33
Animalia,1791,10
Animalia,1738,1
Animalia,1809,56
Animalia,1826,27
Animalia,1812,20
Animalia,1816,38
Animalia,1821,49
Archaea,NA,7982
Viruses,1963,34
Viruses,2009,11096
Protozoa,2002,2787
Viruses,1994,904
Viruses,1986,635
Viruses,1969,37
Viruses,1972,49
Viruses,1975,560
Viruses,1979,466
Viruses,1991,284
Viruses,1961,24
Viruses,1992,202
Viruses,1982,578
Viruses,1987,546
Viruses,1989,315
incertae sedis,1888,221
Viruses,1965,47
Protozoa,1997,397
Viruses,1956,13
Viruses,1980,381
Viruses,1966,76
Viruses,1988,588
Viruses,1964,52
Viruses,1960,17
Viruses,1976,1017
Viruses,1962,15
Viruses,1973,21
Viruses,1952,11
Viruses,1970,14
Bacteria,1976,95
Bacteria,1978,132
Bacteria,1970,87
Viruses,1985,362
Viruses,1981,373
Viruses,1957,11
Viruses,1942,9
Viruses,1935,11
Viruses,1968,34
Viruses,1953,5
Archaea,2006,2114
Viruses,1967,30
Archaea,2007,545
Protozoa,1959,317
Animalia,1819,146
Animalia,1818,10208
Animalia,1805,10
Chromista,1958,2386
Viruses,1933,4
Viruses,1927,7
Viruses,1931,11
Viruses,1948,14
Viruses,1941,3
Viruses,1946,6
Viruses,1959,5
Viruses,1955,6
Plantae,1700,33
Plantae,1804,40
Plantae,1808,43
Chromista,1873,174
Chromista,1942,388
Bacteria,1904,145
Protozoa,1918,104
Bacteria,1846,1
Bacteria,1913,23
Bacteria,1877,29
incertae sedis,1800,159
Bacteria,1926,26
Protozoa,1950,744
Fungi,1859,196
Fungi,1869,271
Bacteria,1888,27
Bacteria,1917,51
Bacteria,1927,22
Animalia,1764,1
Protozoa,1953,95
Protozoa,1905,143
Protozoa,1922,240
Protozoa,1958,262
Protozoa,1955,86
Fungi,1873,213
Protozoa,1944,153
Protozoa,1913,115
Viruses,1949,2
Protozoa,1963,474
Fungi,1860,101
Protozoa,1884,27
Chromista,1887,245
Chromista,1838,14
Chromista,1870,8
Chromista,1869,12
Chromista,1911,334
Protozoa,1960,397
incertae sedis,1835,4
incertae sedis,1845,35
incertae sedis,1865,59
incertae sedis,1867,75
incertae sedis,1855,21
incertae sedis,1862,15
incertae sedis,1863,28
incertae sedis,1866,25
incertae sedis,1843,13
Plantae,1791,24
Plantae,1794,29
Bacteria,1880,11
Fungi,1842,527
Animalia,1797,8
Plantae,1796,1
Animalia,1770,11
Plantae,1798,9
Chromista,1943,198
Bacteria,1923,33
Bacteria,1912,39
Fungi,1844,66
Protozoa,1901,345
Protozoa,1945,161
Protozoa,1889,402
Archaea,2008,2279
Viruses,1947,4
Protozoa,1943,148
Chromista,1879,67
Fungi,1811,8
Chromista,1850,143
Chromista,1853,3
Chromista,1880,124
Protozoa,1942,172
Bacteria,1850,3
Chromista,1878,57
Protozoa,1910,198
Fungi,1812,3
Protozoa,1923,252
Protozoa,1902,169
Chromista,1861,4
Fungi,1829,15
Chromista,1858,23
Plantae,1722,1
Fungi,1840,50
Fungi,1826,12
Fungi,1833,6
Animalia,1827,15
Chromista,1829,2
Chromista,1846,25
Bacteria,1854,1
Bacteria,1929,93
Viruses,1930,3
Archaea,2005,479
Plantae,1790,3
Plantae,1813,35
Plantae,1783,14
Fungi,1846,34
Plantae,1786,11
Chromista,1857,12
Protozoa,1904,111
Chromista,1877,37
Bacteria,1866,1
Plantae,1805,54
Animalia,1804,10
Animalia,1665,1
Protozoa,1907,88
Fungi,1787,2
Bacteria,1885,8
Fungi,1820,5
Plantae,1764,11
Protozoa,1876,9
Protozoa,1880,36
Viruses,NA,37
Animalia,1815,51
Animalia,1823,23
Fungi,1845,24
Protozoa,1885,117
Fungi,1862,89
Protozoa,1883,50
Protozoa,1877,11
Fungi,1832,4
Protozoa,1908,180
Protozoa,1903,109
Protozoa,1882,18
Animalia,1707,7
Animalia,1633,4
Protozoa,1948,141
Chromista,1843,3
Plantae,1793,11
Fungi,1828,15
Protozoa,1851,2
Protozoa,1849,5
Fungi,1805,10
Archaea,2009,373
Archaea,1979,15
Archaea,2017,678
Archaea,1999,1
Chromista,1800,47
Plantae,1651,2
incertae sedis,1840,23
Chromista,1851,7
Bacteria,1875,37
Fungi,1841,42
Chromista,1841,6
Protozoa,1874,12
Archaea,2021,1
Protozoa,1879,13
Protozoa,1873,6
Animalia,1785,1
Animalia,1743,1
Plantae,1766,3
Animalia,1653,1
Plantae,1660,1
Plantae,1801,49
Animalia,1680,1
Fungi,1819,7
Fungi,1806,4
Protozoa,1828,1
Plantae,1723,2
Plantae,1706,1
Archaea,2004,420
Plantae,1658,2
Plantae,1695,1
Plantae,1737,1
Plantae,1776,2
Animalia,1750,10
incertae sedis,1856,12
Plantae,1775,2
Fungi,1800,4786
Chromista,1812,13
Bacteria,1812,1
incertae sedis,1812,1
Chromista,1849,18
Protozoa,1850,3
Chromista,1828,4
Animalia,1695,1
Plantae,1767,3
Fungi,1801,7
incertae sedis,1818,1
Bacteria,1805,1
Archaea,1983,1
Bacteria,1922,11
Animalia,1792,2
Plantae,1780,3
Plantae,1778,5
Archaea,2019,6
incertae sedis,1838,4
Plantae,1748,365
Fungi,1612,1
incertae sedis,1748,2
incertae sedis,1822,1
Plantae,1698,4
Chromista,1844,6
Fungi,1809,3
Bacteria,1828,1
Plantae,1734,10
Chromista,1830,6
Chromista,1832,1
Animalia,1771,7
Animalia,1808,7
Animalia,1790,3
Bacteria,1874,9
Chromista,1859,8
Chromista,1863,7
Archaea,2018,82
Archaea,2002,52
Archaea,2001,13
Archaea,2003,402
Protozoa,1857,1
Protozoa,1868,4
Viruses,1958,7
incertae sedis,1787,1
incertae sedis,1844,11
Chromista,1845,8
Chromista,1855,2
Chromista,1847,12
Chromista,1868,2
Fungi,1830,36
incertae sedis,1808,3
Fungi,1823,8
Chromista,1854,9
Protozoa,1825,2
Fungi,1824,2
Fungi,1834,9
Fungi,1817,2
Fungi,1818,2
Plantae,1769,5
Plantae,1730,1
Plantae,1799,4
Fungi,1810,4
Bacteria,1847,1
incertae sedis,1825,2
Protozoa,1866,2
incertae sedis,1816,1
Chromista,1834,3
Chromista,1852,7
Protozoa,1855,5
Fungi,1814,2
Protozoa,1878,10
Protozoa,1806,1
Bacteria,1871,5
Fungi,1825,6
Bacteria,1873,2
Animalia,1793,6
Chromista,1848,3
Animalia,1717,2
Fungi,1831,4
Chromista,1867,3
Fungi,1807,2
Animalia,1806,5
Animalia,1801,7
Plantae,1740,1
Chromista,1690,2
Animalia,1799,1
Animalia,1796,21
Fungi,1808,6
Plantae,1795,4
Chromista,1839,2
incertae sedis,1820,2
incertae sedis,1819,1
Fungi,1827,3
Chromista,1840,1
Chromista,1866,3
Plantae,1765,6
Animalia,1737,1
Animalia,1789,4
Plantae,1602,1
Protozoa,1852,2
Protozoa,1848,1
Chromista,1819,1
Fungi,1784,1
Viruses,1954,5
Protozoa,1869,4
Archaea,2020,2
Plantae,1727,1
Animalia,1755,2
Animalia,1778,1
Animalia,1759,2
Plantae,1771,2
Archaea,1996,6
Archaea,1994,6
Archaea,1992,8
Bacteria,1808,1
Plantae,1696,2
Animalia,1719,1
Animalia,1757,1
Chromista,1815,1
Chromista,1842,1
Animalia,1656,4
Plantae,1784,14
Fungi,1789,3
Archaea,1997,8
Animalia,1813,4
incertae sedis,1778,1
Viruses,1943,3
Fungi,1816,2
Fungi,1822,4
Animalia,1803,2
Plantae,1742,6
incertae sedis,1839,3
Fungi,1815,4
Fungi,1794,1
Plantae,1697,2
incertae sedis,1801,3
Plantae,1758,1
Fungi,1803,2
Fungi,1802,1
incertae sedis,1809,1
Fungi,1786,1
Animalia,1658,1
Protozoa,1815,2
Bacteria,1867,3
Animalia,1724,1
Chromista,1831,4
Viruses,1945,1
Plantae,1773,2
Plantae,1630,1
Protozoa,1856,3
Animalia,1716,1
Animalia,1760,1
Animalia,1648,1
Viruses,1944,4
Fungi,1693,1
Chromista,1818,1
incertae sedis,1834,4
Protozoa,1867,1
Chromista,1833,3
Viruses,1934,2
Protozoa,1854,1
Protozoa,1870,6
Animalia,1712,1
Plantae,1753,1
Animalia,1706,2
Protozoa,1853,4
Plantae,1746,1
Animalia,1601,1
Animalia,1701,1
Archaea,1991,4
Archaea,1982,1
Plantae,1703,1
Plantae,1701,1
Viruses,1902,1
Viruses,1905,2
Viruses,1940,2
Plantae,1772,1
Fungi,1804,1
Protozoa,1847,1
Protozoa,1826,1
Plantae,1694,1
Plantae,1632,1
Fungi,1783,1
Protozoa,1864,1
Plantae,1646,2
Animalia,1668,1
Plantae,1705,2
Fungi,1821,1
Animalia,1775,1
Plantae,1750,1
Bacteria,1868,2
Plantae,1777,2
Animalia,1766,1
Animalia,1782,1
Plantae,1774,1
Plantae,1760,1
Viruses,1950,5
Animalia,1786,1
Chromista,1827,2
Plantae,1690,1
incertae sedis,1829,1
Protozoa,1838,2
Fungi,1776,2
Viruses,1900,1
Animalia,1779,2
Animalia,1605,1
Animalia,1763,1
Fungi,1747,1
Fungi,1792,2
Plantae,1744,1
Plantae,1619,1
Archaea,1966,1
Fungi,1697,1
Protozoa,1833,1
Bacteria,1843,1
incertae sedis,1813,1
incertae sedis,1833,2
Protozoa,1863,2
Protozoa,1871,2
Protozoa,1823,1
Protozoa,1691,1
Protozoa,1692,1
Protozoa,1776,1
Plantae,1736,1
Fungi,1601,1
incertae sedis,1836,1
Chromista,1663,3
Animalia,1744,1
Animalia,1620,1
Protozoa,1860,1
Animalia,1655,442
incertae sedis,1655,10
